patientID,PatientFirstName,PatientLastName,phone,address
428644143,David,SMITH,9.72025E+11,"Streetname, cityname"
153427635,John,JOHNSON,9.72035E+11,"Streetname, cityname"
452113661,Paul,WILLIAMS,9.72057E+11,"Streetname, cityname"
885871525,Mark,BROWN,9.72029E+11,"Streetname, cityname"
784736406,James,JONES,9.72037E+11,"Streetname, cityname"
281484334,Andrew,GARCIA,9.72076E+11,"Streetname, cityname"
228102288,Scott,MILLER,9.72042E+11,"Streetname, cityname"
141611131,Steven,DAVIS,9.72043E+11,"Streetname, cityname"
132082348,Robert,RODRIGUEZ,9.72043E+11,"Streetname, cityname"
108574246,Stephen,MARTINEZ,9.72057E+11,"Streetname, cityname"
252758373,William,HERNANDEZ,9.72042E+11,"Streetname, cityname"
223186537,Craig,LOPEZ,9.72054E+11,"Streetname, cityname"
763367567,Michael,GONZALEZ,9.72032E+11,"Streetname, cityname"
647103280,Stuart,WILSON,9.72082E+11,"Streetname, cityname"
824732164,Christopher,ANDERSON,9.72038E+11,"Streetname, cityname"
782270531,Alan,THOMAS,9.72035E+11,"Streetname, cityname"
818314743,Colin,TAYLOR,9.72077E+11,"Streetname, cityname"
725667130,Brian,MOORE,9.72083E+11,"Streetname, cityname"
855243407,Kevin,JACKSON,9.72037E+11,"Streetname, cityname"
706237633,Gary,MARTIN,9.72022E+11,"Streetname, cityname"
103003125,Richard,LEE,9.72057E+11,"Streetname, cityname"
353308056,Derek,PEREZ,9.72071E+11,"Streetname, cityname"
277781334,Martin,THOMPSON,9.72058E+11,"Streetname, cityname"
702537370,Thomas,WHITE,9.72035E+11,"Streetname, cityname"
801867445,Neil,HARRIS,9.72062E+11,"Streetname, cityname"
708371824,Barry,SANCHEZ,9.72054E+11,"Streetname, cityname"
876378741,Ian,CLARK,9.72024E+11,"Streetname, cityname"
312413780,Jason,RAMIREZ,9.72083E+11,"Streetname, cityname"
421782754,Iain,LEWIS,9.72078E+11,"Streetname, cityname"
120274316,Gordon,ROBINSON,9.72066E+11,"Streetname, cityname"
370426275,Alexander,WALKER,9.72072E+11,"Streetname, cityname"
364838102,Graeme,YOUNG,9.72024E+11,"Streetname, cityname"
624274172,Peter,ALLEN,9.72034E+11,"Streetname, cityname"
128347185,Darren,KING,9.72064E+11,"Streetname, cityname"
441681842,Graham,WRIGHT,9.72031E+11,"Streetname, cityname"
681731674,George,SCOTT,9.72073E+11,"Streetname, cityname"
854380016,Kenneth,TORRES,9.72028E+11,"Streetname, cityname"
361475363,Allan,NGUYEN,9.72056E+11,"Streetname, cityname"
134258557,Simon,HILL,9.72086E+11,"Streetname, cityname"
672466113,Douglas,FLORES,9.72081E+11,"Streetname, cityname"
378338474,Keith,GREEN,9.72046E+11,"Streetname, cityname"
330118663,Lee,ADAMS,9.72087E+11,"Streetname, cityname"
420402033,Anthony,NELSON,9.72032E+11,"Streetname, cityname"
461372357,Grant,BAKER,9.72037E+11,"Streetname, cityname"
734217885,Ross,HALL,9.72042E+11,"Streetname, cityname"
306281282,Jonathan,RIVERA,9.72036E+11,"Streetname, cityname"
268253715,Gavin,CAMPBELL,9.72078E+11,"Streetname, cityname"
205803461,Nicholas,MITCHELL,9.72037E+11,"Streetname, cityname"
314703107,Joseph,CARTER,9.72048E+11,"Streetname, cityname"
211505434,Stewart,ROBERTS,9.72066E+11,"Streetname, cityname"
524780838,Daniel,GOMEZ,9.72048E+11,"Streetname, cityname"
118881335,Edward,PHILLIPS,9.72053E+11,"Streetname, cityname"
581712650,Matthew,EVANS,9.72037E+11,"Streetname, cityname"
802231616,Donald,TURNER,9.72038E+11,"Streetname, cityname"
733648416,Fraser,DIAZ,9.72027E+11,"Streetname, cityname"
683856514,Garry,PARKER,9.72074E+11,"Streetname, cityname"
437553381,Malcolm,CRUZ,9.72048E+11,"Streetname, cityname"
548257570,Charles,EDWARDS,9.72078E+11,"Streetname, cityname"
440587484,Duncan,COLLINS,9.72022E+11,"Streetname, cityname"
877028446,Alistair,REYES,9.72066E+11,"Streetname, cityname"
517745850,Raymond,STEWART,9.72076E+11,"Streetname, cityname"
813035510,Philip,MORRIS,9.72066E+11,"Streetname, cityname"
870787405,Ronald,MORALES,9.72086E+11,"Streetname, cityname"
288323482,Ewan,MURPHY,9.72051E+11,"Streetname, cityname"
311473034,Ryan,COOK,9.72079E+11,"Streetname, cityname"
318817211,Francis,ROGERS,9.72058E+11,"Streetname, cityname"
313768026,Bruce,GUTIERREZ,9.72064E+11,"Streetname, cityname"
175775567,Patrick,ORTIZ,9.72025E+11,"Streetname, cityname"
667430575,Alastair,MORGAN,9.72076E+11,"Streetname, cityname"
156683220,Bryan,COOPER,9.72056E+11,"Streetname, cityname"
200117737,Marc,PETERSON,9.72028E+11,"Streetname, cityname"
860332006,Jamie,BAILEY,9.72073E+11,"Streetname, cityname"
735175732,Hugh,REED,9.72056E+11,"Streetname, cityname"
543557014,Euan,KELLY,9.72028E+11,"Streetname, cityname"
200334020,Gerard,HOWARD,9.72025E+11,"Streetname, cityname"
757464357,Sean,RAMOS,9.72078E+11,"Streetname, cityname"
226246403,Wayne,KIM,9.72072E+11,"Streetname, cityname"
271228260,Adam,COX,9.72022E+11,"Streetname, cityname"
337852285,Calum,WARD,9.72066E+11,"Streetname, cityname"
656678713,Alasdair,RICHARDSON,9.72085E+11,"Streetname, cityname"
357165061,Robin,WATSON,9.72062E+11,"Streetname, cityname"
277230870,Greig,BROOKS,9.72067E+11,"Streetname, cityname"
872008056,Angus,CHAVEZ,9.72054E+11,"Streetname, cityname"
424586405,Russell,WOOD,9.72064E+11,"Streetname, cityname"
743264438,Cameron,JAMES,9.72086E+11,"Streetname, cityname"
848871452,Roderick,BENNETT,9.72062E+11,"Streetname, cityname"
361640670,Norman,GRAY,9.72046E+11,"Streetname, cityname"
567368612,Murray,MENDOZA,9.72059E+11,"Streetname, cityname"
755527156,Gareth,RUIZ,9.72068E+11,"Streetname, cityname"
604120247,Dean,HUGHES,9.72077E+11,"Streetname, cityname"
581332302,Eric,PRICE,9.72061E+11,"Streetname, cityname"
347011054,Adrian,ALVAREZ,9.72083E+11,"Streetname, cityname"
721805577,Gregor,CASTILLO,9.72048E+11,"Streetname, cityname"
317812387,Samuel,SANDERS,9.72033E+11,"Streetname, cityname"
302148726,Gerald,PATEL,9.72086E+11,"Streetname, cityname"
573757441,Henry,MYERS,9.72058E+11,"Streetname, cityname"
546255458,Justin,LONG,9.72032E+11,"Streetname, cityname"
502560584,Benjamin,ROSS,9.72053E+11,"Streetname, cityname"
612487126,Shaun,FOSTER,9.72088E+11,"Streetname, cityname"
110272137,Callum,JIMENEZ,9.72023E+11,"Streetname, cityname"
756546600,Campbell,POWELL,9.72042E+11,"Streetname, cityname"
802073353,Frank,JENKINS,9.72035E+11,"Streetname, cityname"
363344102,Roy,PERRY,9.72034E+11,"Streetname, cityname"
658031034,Timothy,RUSSELL,9.72048E+11,"Streetname, cityname"
177275006,David,SULLIVAN,9.72044E+11,"Streetname, cityname"
856483013,John,BELL,9.72048E+11,"Streetname, cityname"
104106480,Paul,COLEMAN,9.72049E+11,"Streetname, cityname"
216715831,James,BUTLER,9.72052E+11,"Streetname, cityname"
601278537,Mark,HENDERSON,9.72086E+11,"Streetname, cityname"
604586537,Scott,BARNES,9.72053E+11,"Streetname, cityname"
314372072,Andrew,GONZALES,9.72048E+11,"Streetname, cityname"
260268612,Steven,FISHER,9.72067E+11,"Streetname, cityname"
187304663,Robert,VASQUEZ,9.72058E+11,"Streetname, cityname"
253371728,Stephen,SIMMONS,9.72031E+11,"Streetname, cityname"
343714667,Craig,ROMERO,9.72056E+11,"Streetname, cityname"
646721547,Christopher,JORDAN,9.72025E+11,"Streetname, cityname"
157801860,Alan,PATTERSON,9.72036E+11,"Streetname, cityname"
515730633,Michael,ALEXANDER,9.72032E+11,"Streetname, cityname"
824806201,Stuart,HAMILTON,9.72082E+11,"Streetname, cityname"
128115363,William,GRAHAM,9.72031E+11,"Streetname, cityname"
710347788,Kevin,REYNOLDS,9.72076E+11,"Streetname, cityname"
505412080,Colin,GRIFFIN,9.72026E+11,"Streetname, cityname"
501655676,Brian,WALLACE,9.72027E+11,"Streetname, cityname"
410058151,Derek,MORENO,9.72061E+11,"Streetname, cityname"
843661366,Neil,WEST,9.72035E+11,"Streetname, cityname"
781881573,Richard,COLE,9.72035E+11,"Streetname, cityname"
284830362,Gary,HAYES,9.72041E+11,"Streetname, cityname"
366016083,Barry,BRYANT,9.72078E+11,"Streetname, cityname"
765246722,Martin,HERRERA,9.72036E+11,"Streetname, cityname"
642476838,Thomas,GIBSON,9.72055E+11,"Streetname, cityname"
345033821,Ian,ELLIS,9.72047E+11,"Streetname, cityname"
454430370,Gordon,TRAN,9.72042E+11,"Streetname, cityname"
127187227,Kenneth,MEDINA,9.72053E+11,"Streetname, cityname"
581035581,Alexander,AGUILAR,9.72027E+11,"Streetname, cityname"
673620348,Graeme,STEVENS,9.72078E+11,"Streetname, cityname"
311034074,Peter,MURRAY,9.72041E+11,"Streetname, cityname"
146448011,Iain,FORD,9.72062E+11,"Streetname, cityname"
237506705,Graham,CASTRO,9.72044E+11,"Streetname, cityname"
602120002,Jason,MARSHALL,9.72033E+11,"Streetname, cityname"
103664041,George,OWENS,9.72077E+11,"Streetname, cityname"
607514066,Allan,HARRISON,9.72053E+11,"Streetname, cityname"
438647834,Keith,FERNANDEZ,9.72076E+11,"Streetname, cityname"
364567127,Darren,MCDONALD,9.72062E+11,"Streetname, cityname"
665675145,Simon,WOODS,9.72088E+11,"Streetname, cityname"
585441661,Douglas,WASHINGTON,9.72086E+11,"Streetname, cityname"
425167232,Ross,KENNEDY,9.72087E+11,"Streetname, cityname"
351207783,Stewart,WELLS,9.72042E+11,"Streetname, cityname"
471062745,Lee,VARGAS,9.72077E+11,"Streetname, cityname"
160552328,Grant,HENRY,9.72054E+11,"Streetname, cityname"
882820068,Nicholas,CHEN,9.72073E+11,"Streetname, cityname"
661800183,Joseph,FREEMAN,9.72043E+11,"Streetname, cityname"
458004658,Gavin,WEBB,9.72074E+11,"Streetname, cityname"
881825786,Anthony,TUCKER,9.72057E+11,"Streetname, cityname"
421040550,Jonathan,GUZMAN,9.72025E+11,"Streetname, cityname"
456053255,Daniel,BURNS,9.72083E+11,"Streetname, cityname"
802577450,Fraser,CRAWFORD,9.72064E+11,"Streetname, cityname"
668315842,Matthew,OLSON,9.72026E+11,"Streetname, cityname"
842811420,Donald,SIMPSON,9.72081E+11,"Streetname, cityname"
750635250,Malcolm,PORTER,9.72044E+11,"Streetname, cityname"
248407857,Alistair,HUNTER,9.72057E+11,"Streetname, cityname"
833457823,Edward,GORDON,9.72064E+11,"Streetname, cityname"
544441431,Raymond,MENDEZ,9.72038E+11,"Streetname, cityname"
155730254,Charles,SILVA,9.72041E+11,"Streetname, cityname"
102872554,Philip,SHAW,9.72066E+11,"Streetname, cityname"
745727755,Bruce,SNYDER,9.72075E+11,"Streetname, cityname"
433187216,Garry,MASON,9.72041E+11,"Streetname, cityname"
853410467,Jamie,DIXON,9.72039E+11,"Streetname, cityname"
844530678,Ryan,MUNOZ,9.72033E+11,"Streetname, cityname"
365628316,Bryan,HUNT,9.72034E+11,"Streetname, cityname"
733068833,Francis,HICKS,9.72021E+11,"Streetname, cityname"
632636035,Alastair,HOLMES,9.72035E+11,"Streetname, cityname"
860017654,Duncan,PALMER,9.72079E+11,"Streetname, cityname"
262846050,Patrick,WAGNER,9.72054E+11,"Streetname, cityname"
747567406,Ronald,BLACK,9.72023E+11,"Streetname, cityname"
411380615,Alasdair,ROBERTSON,9.72087E+11,"Streetname, cityname"
480687880,Ewan,BOYD,9.72058E+11,"Streetname, cityname"
126864846,Marc,ROSE,9.72038E+11,"Streetname, cityname"
843245377,Wayne,STONE,9.72077E+11,"Streetname, cityname"
370454357,Hugh,SALAZAR,9.72072E+11,"Streetname, cityname"
350178518,Robin,FOX,9.72078E+11,"Streetname, cityname"
323626723,Sean,WARREN,9.72085E+11,"Streetname, cityname"
751307404,Calum,MILLS,9.72068E+11,"Streetname, cityname"
342265454,Euan,MEYER,9.72049E+11,"Streetname, cityname"
643236757,Adam,RICE,9.72064E+11,"Streetname, cityname"
473648217,Russell,SCHMIDT,9.72023E+11,"Streetname, cityname"
736460610,Cameron,GARZA,9.72082E+11,"Streetname, cityname"
234803430,Gerard,DANIELS,9.72033E+11,"Streetname, cityname"
325246184,Murray,FERGUSON,9.72077E+11,"Streetname, cityname"
473255667,Norman,NICHOLS,9.72061E+11,"Streetname, cityname"
513184010,Angus,STEPHENS,9.72048E+11,"Streetname, cityname"
132020741,Greig,SOTO,9.72031E+11,"Streetname, cityname"
654477023,Justin,WEAVER,9.72076E+11,"Streetname, cityname"
243724676,Gregor,RYAN,9.72082E+11,"Streetname, cityname"
421210452,Gerald,GARDNER,9.72088E+11,"Streetname, cityname"
425665038,Roderick,PAYNE,9.72076E+11,"Streetname, cityname"
210283680,Roy,GRANT,9.72086E+11,"Streetname, cityname"
362487423,Benjamin,DUNN,9.72082E+11,"Streetname, cityname"
112646113,Timothy,KELLEY,9.72069E+11,"Streetname, cityname"
651213760,Dean,SPENCER,9.72038E+11,"Streetname, cityname"
711113530,Samuel,HAWKINS,9.72028E+11,"Streetname, cityname"
366886870,Greg,ARNOLD,9.72054E+11,"Streetname, cityname"
236221718,Shaun,PIERCE,9.72068E+11,"Streetname, cityname"
665750058,Adrian,VAZQUEZ,9.72024E+11,"Streetname, cityname"
378267214,Campbell,HANSEN,9.72052E+11,"Streetname, cityname"
470380532,David,PETERS,9.72075E+11,"Streetname, cityname"
304641262,John,SANTOS,9.72079E+11,"Streetname, cityname"
512858158,Paul,HART,9.72026E+11,"Streetname, cityname"
468554343,James,BRADLEY,9.72084E+11,"Streetname, cityname"
508687228,Andrew,KNIGHT,9.72083E+11,"Streetname, cityname"
812850045,Steven,ELLIOTT,9.72088E+11,"Streetname, cityname"
515478157,Scott,CUNNINGHAM,9.72087E+11,"Streetname, cityname"
241526456,Mark,DUNCAN,9.72076E+11,"Streetname, cityname"
710633440,Robert,ARMSTRONG,9.72022E+11,"Streetname, cityname"
587328753,Stephen,HUDSON,9.72088E+11,"Streetname, cityname"
348184347,Craig,CARROLL,9.72031E+11,"Streetname, cityname"
478680687,Christopher,LANE,9.72058E+11,"Streetname, cityname"
644588366,Stuart,RILEY,9.72086E+11,"Streetname, cityname"
420046658,Alan,ANDREWS,9.72061E+11,"Streetname, cityname"
311225710,William,ALVARADO,9.72064E+11,"Streetname, cityname"
511221375,Michael,RAY,9.72048E+11,"Streetname, cityname"
130142305,Kevin,DELGADO,9.72038E+11,"Streetname, cityname"
855821625,Colin,BERRY,9.72047E+11,"Streetname, cityname"
682174745,Brian,PERKINS,9.72089E+11,"Streetname, cityname"
628702881,Derek,HOFFMAN,9.72044E+11,"Streetname, cityname"
306528883,Neil,JOHNSTON,9.72063E+11,"Streetname, cityname"
413275535,Richard,MATTHEWS,9.72046E+11,"Streetname, cityname"
731322643,Martin,PENA,9.72039E+11,"Streetname, cityname"
553241420,Gary,RICHARDS,9.72072E+11,"Streetname, cityname"
670722733,Ross,CONTRERAS,9.72081E+11,"Streetname, cityname"
770105502,Thomas,WILLIS,9.72038E+11,"Streetname, cityname"
370735225,Ian,CARPENTER,9.72074E+11,"Streetname, cityname"
862364481,Iain,LAWRENCE,9.72051E+11,"Streetname, cityname"
447346643,Barry,SANDOVAL,9.72065E+11,"Streetname, cityname"
538241756,Gordon,GUERRERO,9.72043E+11,"Streetname, cityname"
213563135,Graeme,GEORGE,9.72048E+11,"Streetname, cityname"
584438661,Graham,CHAPMAN,9.72027E+11,"Streetname, cityname"
237270540,Alexander,RIOS,9.72037E+11,"Streetname, cityname"
634175846,Peter,ESTRADA,9.72065E+11,"Streetname, cityname"
305226381,Kenneth,ORTEGA,9.72037E+11,"Streetname, cityname"
370685305,Simon,WATKINS,9.72031E+11,"Streetname, cityname"
308216604,Allan,GREENE,9.72057E+11,"Streetname, cityname"
426830874,Darren,NUNEZ,9.72076E+11,"Streetname, cityname"
230660153,George,WHEELER,9.72073E+11,"Streetname, cityname"
221757706,Douglas,VALDEZ,9.72068E+11,"Streetname, cityname"
168463074,Jason,HARPER,9.72077E+11,"Streetname, cityname"
131674535,Lee,BURKE,9.72037E+11,"Streetname, cityname"
344572208,Gavin,LARSON,9.72041E+11,"Streetname, cityname"
827084306,Anthony,SANTIAGO,9.72046E+11,"Streetname, cityname"
643403023,Jonathan,MALDONADO,9.72026E+11,"Streetname, cityname"
753388331,Stewart,MORRISON,9.72062E+11,"Streetname, cityname"
372388764,Jamie,FRANKLIN,9.72034E+11,"Streetname, cityname"
502246724,Keith,CARLSON,9.72048E+11,"Streetname, cityname"
477448360,Matthew,AUSTIN,9.72073E+11,"Streetname, cityname"
362340130,Joseph,DOMINGUEZ,9.72054E+11,"Streetname, cityname"
620065262,Daniel,CARR,9.72087E+11,"Streetname, cityname"
272548865,Edward,LAWSON,9.72036E+11,"Streetname, cityname"
886113778,Nicholas,JACOBS,9.72052E+11,"Streetname, cityname"
328744754,Grant,OBRIEN,9.72032E+11,"Streetname, cityname"
532775757,Ryan,LYNCH,9.72034E+11,"Streetname, cityname"
280821858,Philip,SINGH,9.72076E+11,"Streetname, cityname"
585632316,Alistair,VEGA,9.72085E+11,"Streetname, cityname"
331430752,Donald,BISHOP,9.72026E+11,"Streetname, cityname"
883267767,Charles,MONTGOMERY,9.72064E+11,"Streetname, cityname"
276120644,Duncan,OLIVER,9.72076E+11,"Streetname, cityname"
154275506,Garry,JENSEN,9.72074E+11,"Streetname, cityname"
807652772,Malcolm,HARVEY,9.72066E+11,"Streetname, cityname"
333676087,Raymond,WILLIAMSON,9.72021E+11,"Streetname, cityname"
366555137,Bryan,GILBERT,9.72068E+11,"Streetname, cityname"
765534651,Ewan,DEAN,9.72056E+11,"Streetname, cityname"
248826265,Fraser,SIMS,9.72079E+11,"Streetname, cityname"
210700474,Alastair,ESPINOZA,9.72026E+11,"Streetname, cityname"
770646847,Euan,HOWELL,9.72044E+11,"Streetname, cityname"
518887000,Patrick,LI,9.72044E+11,"Streetname, cityname"
434401682,Bruce,WONG,9.72059E+11,"Streetname, cityname"
371286530,Ronald,REID,9.72041E+11,"Streetname, cityname"
112316831,Greig,HANSON,9.72043E+11,"Streetname, cityname"
325270765,Hugh,LE,9.72028E+11,"Streetname, cityname"
575752627,Francis,MCCOY,9.72076E+11,"Streetname, cityname"
167100540,Gerard,GARRETT,9.72029E+11,"Streetname, cityname"
432001532,Russell,BURTON,9.72086E+11,"Streetname, cityname"
277463213,Alasdair,FULLER,9.72024E+11,"Streetname, cityname"
752263816,Adam,WANG,9.72058E+11,"Streetname, cityname"
554468218,Marc,WEBER,9.72054E+11,"Streetname, cityname"
141320553,Sean,WELCH,9.72043E+11,"Streetname, cityname"
810610530,Benjamin,ROJAS,9.72072E+11,"Streetname, cityname"
741837403,Gregor,LUCAS,9.72023E+11,"Streetname, cityname"
321813525,Calum,MARQUEZ,9.72074E+11,"Streetname, cityname"
238054017,Wayne,FIELDS,9.72022E+11,"Streetname, cityname"
648756887,Robin,PARK,9.72032E+11,"Streetname, cityname"
248016041,Roderick,YANG,9.72074E+11,"Streetname, cityname"
271272581,Murray,LITTLE,9.72021E+11,"Streetname, cityname"
430654217,Greg,BANKS,9.72033E+11,"Streetname, cityname"
256030442,Angus,PADILLA,9.72025E+11,"Streetname, cityname"
171001827,Cameron,DAY,9.72088E+11,"Streetname, cityname"
168524483,Gerald,WALSH,9.72058E+11,"Streetname, cityname"
331730185,Shaun,BOWMAN,9.72036E+11,"Streetname, cityname"
106788451,Samuel,SCHULTZ,9.72035E+11,"Streetname, cityname"
560266725,Timothy,LUNA,9.72064E+11,"Streetname, cityname"
206803201,Liam,FOWLER,9.72077E+11,"Streetname, cityname"
755566707,Campbell,MEJIA,9.72063E+11,"Streetname, cityname"
575732851,Gareth,DAVIDSON,9.72033E+11,"Streetname, cityname"
574358010,Niall,ACOSTA,9.72047E+11,"Streetname, cityname"
612153371,Dean,BREWER,9.72044E+11,"Streetname, cityname"
772304678,Justin,MAY,9.72055E+11,"Streetname, cityname"
263111127,David,HOLLAND,9.72035E+11,"Streetname, cityname"
185066105,John,JUAREZ,9.72067E+11,"Streetname, cityname"
455712802,Paul,NEWMAN,9.72036E+11,"Streetname, cityname"
215476362,James,PEARSON,9.72085E+11,"Streetname, cityname"
607338340,Andrew,CURTIS,9.72075E+11,"Streetname, cityname"
673215823,Steven,CORTEZ,9.72076E+11,"Streetname, cityname"
107046036,Scott,DOUGLAS,9.72028E+11,"Streetname, cityname"
460562440,Mark,SCHNEIDER,9.72048E+11,"Streetname, cityname"
551243305,Robert,JOSEPH,9.72054E+11,"Streetname, cityname"
201522171,Christopher,BARRETT,9.72022E+11,"Streetname, cityname"
158485028,Craig,NAVARRO,9.72031E+11,"Streetname, cityname"
808281857,Stuart,FIGUEROA,9.72052E+11,"Streetname, cityname"
173505148,Kevin,KELLER,9.72029E+11,"Streetname, cityname"
266660285,Alan,AVILA,9.72037E+11,"Streetname, cityname"
228557547,Michael,WADE,9.72049E+11,"Streetname, cityname"
486860024,Stephen,MOLINA,9.72061E+11,"Streetname, cityname"
874265684,William,STANLEY,9.72077E+11,"Streetname, cityname"
132441421,Colin,HOPKINS,9.72088E+11,"Streetname, cityname"
282516754,Brian,CAMPOS,9.72037E+11,"Streetname, cityname"
225057368,Neil,BARNETT,9.72065E+11,"Streetname, cityname"
162415117,Richard,BATES,9.72075E+11,"Streetname, cityname"
254082534,Ross,CHAMBERS,9.72077E+11,"Streetname, cityname"
476527057,Thomas,CALDWELL,9.72054E+11,"Streetname, cityname"
341160628,Gary,BECK,9.72037E+11,"Streetname, cityname"
124166257,Derek,LAMBERT,9.72068E+11,"Streetname, cityname"
830185817,Iain,MIRANDA,9.72054E+11,"Streetname, cityname"
482262357,Gordon,BYRD,9.72082E+11,"Streetname, cityname"
668642353,Graeme,CRAIG,9.72068E+11,"Streetname, cityname"
765421636,Martin,AYALA,9.72028E+11,"Streetname, cityname"
787057234,Barry,LOWE,9.72073E+11,"Streetname, cityname"
483850164,Gavin,FRAZIER,9.72036E+11,"Streetname, cityname"
467720800,Ian,POWERS,9.72079E+11,"Streetname, cityname"
387252242,Kenneth,NEAL,9.72079E+11,"Streetname, cityname"
222887572,Alexander,LEONARD,9.72037E+11,"Streetname, cityname"
816173055,Peter,GREGORY,9.72029E+11,"Streetname, cityname"
604462438,Graham,CARRILLO,9.72063E+11,"Streetname, cityname"
304863717,Allan,SUTTON,9.72084E+11,"Streetname, cityname"
255573863,Darren,FLEMING,9.72082E+11,"Streetname, cityname"
610104627,Jamie,RHODES,9.72025E+11,"Streetname, cityname"
130506722,Simon,SHELTON,9.72039E+11,"Streetname, cityname"
150371274,Lee,SCHWARTZ,9.72061E+11,"Streetname, cityname"
503313852,George,NORRIS,9.72042E+11,"Streetname, cityname"
646608318,Keith,JENNINGS,9.72022E+11,"Streetname, cityname"
887705800,Stewart,WATTS,9.72025E+11,"Streetname, cityname"
130812337,Douglas,DURAN,9.72049E+11,"Streetname, cityname"
518521786,Jonathan,WALTERS,9.72038E+11,"Streetname, cityname"
227028547,Matthew,COHEN,9.72038E+11,"Streetname, cityname"
446501430,Daniel,MCDANIEL,9.72027E+11,"Streetname, cityname"
664444846,Grant,MORAN,9.72045E+11,"Streetname, cityname"
623283455,Joseph,PARKS,9.72042E+11,"Streetname, cityname"
775633848,Jason,STEELE,9.72059E+11,"Streetname, cityname"
124556651,Anthony,VAUGHN,9.72061E+11,"Streetname, cityname"
841631123,Ryan,BECKER,9.72038E+11,"Streetname, cityname"
877065163,Edward,HOLT,9.72077E+11,"Streetname, cityname"
742254623,Fraser,DELEON,9.72028E+11,"Streetname, cityname"
542814721,Donald,BARKER,9.72034E+11,"Streetname, cityname"
826488031,Charles,TERRY,9.72086E+11,"Streetname, cityname"
371268204,Garry,HALE,9.72077E+11,"Streetname, cityname"
576418684,Duncan,LEON,9.72066E+11,"Streetname, cityname"
403208753,Nicholas,HAIL,9.72032E+11,"Streetname, cityname"
683587713,Raymond,BENSON,9.72049E+11,"Streetname, cityname"
468474818,Alistair,HAYNES,9.72025E+11,"Streetname, cityname"
664626075,Bryan,HORTON,9.72046E+11,"Streetname, cityname"
605312214,Philip,MILES,9.72037E+11,"Streetname, cityname"
181182337,Alastair,LYONS,9.72046E+11,"Streetname, cityname"
725862006,Malcolm,PHAM,9.72087E+11,"Streetname, cityname"
283337170,Alasdair,GRAVES,9.72045E+11,"Streetname, cityname"
738284443,Russell,BUSH,9.72039E+11,"Streetname, cityname"
675341188,Patrick,THORNTON,9.72086E+11,"Streetname, cityname"
522251028,Euan,WOLFE,9.72028E+11,"Streetname, cityname"
855866774,Ewan,WARNER,9.72064E+11,"Streetname, cityname"
412851627,Gareth,CABRERA,9.72083E+11,"Streetname, cityname"
227538572,Bruce,MCKINNEY,9.72085E+11,"Streetname, cityname"
580522614,Adam,MANN,9.72064E+11,"Streetname, cityname"
155130802,Gerard,ZIMMERMAN,9.72082E+11,"Streetname, cityname"
514161182,Greig,DAWSON,9.72054E+11,"Streetname, cityname"
674426671,Marc,LARA,9.72059E+11,"Streetname, cityname"
478123615,Sean,FLETCHER,9.72085E+11,"Streetname, cityname"
677132124,Robin,PAGE,9.72072E+11,"Streetname, cityname"
515250302,Ronald,MCCARTHY,9.72046E+11,"Streetname, cityname"
631726203,Benjamin,LOVE,9.72074E+11,"Streetname, cityname"
860513162,Francis,ROBLES,9.72042E+11,"Streetname, cityname"
617877151,Gregor,CERVANTES,9.72087E+11,"Streetname, cityname"
618583088,Greg,SOLIS,9.72063E+11,"Streetname, cityname"
355064033,Hugh,ERICKSON,9.72037E+11,"Streetname, cityname"
267174662,Calum,REEVES,9.72021E+11,"Streetname, cityname"
656347468,Shaun,CHANG,9.72028E+11,"Streetname, cityname"
228808447,Cameron,KLEIN,9.72083E+11,"Streetname, cityname"
433565515,Roderick,SALINAS,9.72081E+11,"Streetname, cityname"
228850175,Angus,FUENTES,9.72084E+11,"Streetname, cityname"
837020676,Gerald,BALDWIN,9.72052E+11,"Streetname, cityname"
813354534,Rory,DANIEL,9.72027E+11,"Streetname, cityname"
441705151,Samuel,SIMON,9.72058E+11,"Streetname, cityname"
445168445,Wayne,VELASQUEZ,9.72068E+11,"Streetname, cityname"
352728536,Murray,HARDY,9.72035E+11,"Streetname, cityname"
832476005,Norman,HIGGINS,9.72067E+11,"Streetname, cityname"
671043567,Timothy,AGUIRRE,9.72044E+11,"Streetname, cityname"
440456135,Dean,LIN,9.72084E+11,"Streetname, cityname"
465616175,Martyn,CUMMINGS,9.72078E+11,"Streetname, cityname"
484836280,Roy,CHANDLER,9.72045E+11,"Streetname, cityname"
407644868,Wesley,SHARP,9.72024E+11,"Streetname, cityname"
114175752,David,BARBER,9.72065E+11,"Streetname, cityname"
843564541,John,BOWEN,9.72066E+11,"Streetname, cityname"
135200505,Andrew,OCHOA,9.72067E+11,"Streetname, cityname"
430580134,Paul,DENNIS,9.72037E+11,"Streetname, cityname"
345872554,James,ROBBINS,9.72045E+11,"Streetname, cityname"
424740868,Scott,LIU,9.72059E+11,"Streetname, cityname"
827154702,Christopher,RAMSEY,9.72086E+11,"Streetname, cityname"
845713471,Steven,FRANCIS,9.72041E+11,"Streetname, cityname"
877600013,Michael,GRIFFITH,9.72046E+11,"Streetname, cityname"
434081831,Mark,PAUL,9.72034E+11,"Streetname, cityname"
767835087,Robert,BLAIR,9.72057E+11,"Streetname, cityname"
621843065,Craig,OCONNOR,9.72035E+11,"Streetname, cityname"
140202034,Kevin,CARDENAS,9.72065E+11,"Streetname, cityname"
602738148,Stuart,PACHECO,9.72035E+11,"Streetname, cityname"
853436404,Alan,CROSS,9.72038E+11,"Streetname, cityname"
542271668,Stephen,CALDERON,9.72063E+11,"Streetname, cityname"
710265373,William,QUINN,9.72023E+11,"Streetname, cityname"
868226644,Ross,MOSS,9.72078E+11,"Streetname, cityname"
213152348,Colin,SWANSON,9.72041E+11,"Streetname, cityname"
412304164,Brian,CHAN,9.72022E+11,"Streetname, cityname"
181374623,Richard,RIVAS,9.72043E+11,"Streetname, cityname"
278363801,Barry,KHAN,9.72042E+11,"Streetname, cityname"
831137725,Neil,RODGERS,9.72077E+11,"Streetname, cityname"
240873874,Derek,SERRANO,9.72054E+11,"Streetname, cityname"
814500488,Gordon,FITZGERALD,9.72077E+11,"Streetname, cityname"
383552078,Thomas,ROSALES,9.72056E+11,"Streetname, cityname"
515170363,Graeme,STEVENSON,9.72043E+11,"Streetname, cityname"
618201131,Martin,CHRISTENSEN,9.72076E+11,"Streetname, cityname"
235836148,Peter,MANNING,9.72055E+11,"Streetname, cityname"
387557833,Gary,GILL,9.72023E+11,"Streetname, cityname"
535733500,Iain,CURRY,9.72082E+11,"Streetname, cityname"
424203326,Graham,MCLAUGHLIN,9.72035E+11,"Streetname, cityname"
521675776,Ian,HARMON,9.72069E+11,"Streetname, cityname"
634006363,Kenneth,MCGEE,9.72088E+11,"Streetname, cityname"
762211712,Alexander,GROSS,9.72073E+11,"Streetname, cityname"
777728646,Allan,DOYLE,9.72044E+11,"Streetname, cityname"
633236446,Jamie,GARNER,9.72084E+11,"Streetname, cityname"
271453177,Gavin,NEWTON,9.72079E+11,"Streetname, cityname"
320417810,Darren,BURGESS,9.72074E+11,"Streetname, cityname"
212827120,George,REESE,9.72066E+11,"Streetname, cityname"
416224830,Douglas,WALTON,9.72033E+11,"Streetname, cityname"
814403868,Simon,BLAKE,9.72034E+11,"Streetname, cityname"
736573836,Stewart,TRUJILLO,9.72057E+11,"Streetname, cityname"
888605561,Daniel,ADKINS,9.72052E+11,"Streetname, cityname"
450653570,Keith,BRADY,9.72034E+11,"Streetname, cityname"
367134448,Lee,GOODMAN,9.72026E+11,"Streetname, cityname"
308401510,Ryan,ROMAN,9.72076E+11,"Streetname, cityname"
372505114,Joseph,WEBSTER,9.72056E+11,"Streetname, cityname"
351873748,Matthew,GOODWIN,9.72022E+11,"Streetname, cityname"
433458821,Grant,FISCHER,9.72038E+11,"Streetname, cityname"
380315423,Anthony,HUANG,9.72069E+11,"Streetname, cityname"
280183518,Jason,POTTER,9.72062E+11,"Streetname, cityname"
517036667,Jonathan,DELACRUZ,9.72069E+11,"Streetname, cityname"
577882443,Duncan,MONTOYA,9.72031E+11,"Streetname, cityname"
747221103,Fraser,TODD,9.72088E+11,"Streetname, cityname"
643554223,Donald,WU,9.72054E+11,"Streetname, cityname"
612821042,Garry,HINES,9.72077E+11,"Streetname, cityname"
261576531,Nicholas,MULLINS,9.72075E+11,"Streetname, cityname"
377281181,Alistair,CASTANEDA,9.72082E+11,"Streetname, cityname"
646448610,Bryan,MALONE,9.72085E+11,"Streetname, cityname"
672427350,Charles,CANNON,9.72065E+11,"Streetname, cityname"
671547818,Raymond,TATE,9.72051E+11,"Streetname, cityname"
836826483,Philip,MACK,9.72064E+11,"Streetname, cityname"
204251856,Marc,SHERMAN,9.72065E+11,"Streetname, cityname"
420753514,Euan,HUBBARD,9.72067E+11,"Streetname, cityname"
662042103,Edward,HODGES,9.72051E+11,"Streetname, cityname"
551045757,Gareth,ZHANG,9.72084E+11,"Streetname, cityname"
672706672,Sean,GUERRA,9.72035E+11,"Streetname, cityname"
682821201,Adam,WOLF,9.72027E+11,"Streetname, cityname"
362087385,Alasdair,VALENCIA,9.72083E+11,"Streetname, cityname"
211672263,Alastair,SAUNDERS,9.72067E+11,"Streetname, cityname"
208436306,Greig,FRANCO,9.72087E+11,"Streetname, cityname"
368523675,Ronald,ROWE,9.72053E+11,"Streetname, cityname"
576210873,Malcolm,GALLAGHER,9.72071E+11,"Streetname, cityname"
226818447,Patrick,FARMER,9.72073E+11,"Streetname, cityname"
856112602,Ewan,HAMMOND,9.72074E+11,"Streetname, cityname"
253553221,Russell,HAMPTON,9.72034E+11,"Streetname, cityname"
206872118,Greg,TOWNSEND,9.72073E+11,"Streetname, cityname"
634281532,Gregor,INGRAM,9.72085E+11,"Streetname, cityname"
223606818,Robin,WISE,9.72064E+11,"Streetname, cityname"
202631067,Benjamin,GALLEGOS,9.72044E+11,"Streetname, cityname"
134504881,Bruce,CLARKE,9.72089E+11,"Streetname, cityname"
641227278,Gerard,BARTON,9.72037E+11,"Streetname, cityname"
226654774,Francis,SCHROEDER,9.72047E+11,"Streetname, cityname"
856150321,Hugh,MAXWELL,9.72035E+11,"Streetname, cityname"
740063180,Calum,WATERS,9.72047E+11,"Streetname, cityname"
174535536,Cameron,LOGAN,9.72054E+11,"Streetname, cityname"
356314614,Shaun,CAMACHO,9.72069E+11,"Streetname, cityname"
156748023,Wayne,STRICKLAND,9.72075E+11,"Streetname, cityname"
743525883,Samuel,NORMAN,9.72057E+11,"Streetname, cityname"
134715561,Murray,PERSON,9.72083E+11,"Streetname, cityname"
652373444,Roderick,COLON,9.72046E+11,"Streetname, cityname"
810172185,Barrie,PARSONS,9.72084E+11,"Streetname, cityname"
168830868,Callum,FRANK,9.72087E+11,"Streetname, cityname"
144828064,Angus,HARRINGTON,9.72089E+11,"Streetname, cityname"
