ID,firstName,lastName,phone,address
153427635,John,JOHNSON,972035000000,"Streetname, cityname"
132082348,Robert,RODRIGUEZ,972043000000,"Streetname, cityname"
782270531,Alan,THOMAS,972035000000,"Streetname, cityname"
277781334,Martin,THOMPSON,972058000000,"Streetname, cityname"
120274316,Gordon,ROBINSON,972066000000,"Streetname, cityname"
854380016,Kenneth,TORRES,972028000000,"Streetname, cityname"
461372357,Grant,BAKER,972037000000,"Streetname, cityname"
524780838,Daniel,GOMEZ,972048000000,"Streetname, cityname"
548257570,Charles,EDWARDS,972078000000,"Streetname, cityname"
311473034,Ryan,COOK,972079000000,"Streetname, cityname"
860332006,Jamie,BAILEY,972073000000,"Streetname, cityname"
337852285,Calum,WARD,972066000000,"Streetname, cityname"
848871452,Roderick,BENNETT,972062000000,"Streetname, cityname"
721805577,Gregor,CASTILLO,972048000000,"Streetname, cityname"
110272137,Callum,JIMENEZ,972023000000,"Streetname, cityname"
802073353,Frank,JENKINS,972035000000,"Streetname, cityname"
601278537,Mark,HENDERSON,972086000000,"Streetname, cityname"
646721547,Christopher,JORDAN,972025000000,"Streetname, cityname"
501655676,Brian,WALLACE,972027000000,"Streetname, cityname"
642476838,Thomas,GIBSON,972055000000,"Streetname, cityname"
146448011,Iain,FORD,972062000000,"Streetname, cityname"
665675145,Simon,WOODS,972088000000,"Streetname, cityname"
661800183,Joseph,FREEMAN,972043000000,"Streetname, cityname"
842811420,Donald,SIMPSON,972081000000,"Streetname, cityname"
745727755,Bruce,SNYDER,972075000000,"Streetname, cityname"
860017654,Duncan,PALMER,972079000000,"Streetname, cityname"
370454357,Hugh,SALAZAR,972072000000,"Streetname, cityname"
736460610,Cameron,GARZA,972082000000,"Streetname, cityname"
243724676,Gregor,RYAN,972082000000,"Streetname, cityname"
711113530,Samuel,HAWKINS,972028000000,"Streetname, cityname"
236221718,Shaun,PIERCE,972068000000,"Streetname, cityname"
508687228,Andrew,KNIGHT,972083000000,"Streetname, cityname"
478680687,Christopher,LANE,972058000000,"Streetname, cityname"
682174745,Brian,PERKINS,972089000000,"Streetname, cityname"
770105502,Thomas,WILLIS,972038000000,"Streetname, cityname"
237270540,Alexander,RIOS,972037000000,"Streetname, cityname"
221757706,Douglas,VALDEZ,972068000000,"Streetname, cityname"
372388764,Jamie,FRANKLIN,972034000000,"Streetname, cityname"
328744754,Grant,OBRIEN,972032000000,"Streetname, cityname"
154275506,Garry,JENSEN,972074000000,"Streetname, cityname"
770646847,Euan,HOWELL,972044000000,"Streetname, cityname"
167100540,Gerard,GARRETT,972029000000,"Streetname, cityname"
741837403,Gregor,LUCAS,972023000000,"Streetname, cityname"
256030442,Angus,PADILLA,972025000000,"Streetname, cityname"
755566707,Campbell,MEJIA,972063000000,"Streetname, cityname"
574358010,Niall,ACOSTA,972047000000,"Streetname, cityname"
607338340,Andrew,CURTIS,972075000000,"Streetname, cityname"
808281857,Stuart,FIGUEROA,972052000000,"Streetname, cityname"
282516754,Brian,CAMPOS,972037000000,"Streetname, cityname"
830185817,Iain,MIRANDA,972054000000,"Streetname, cityname"
387252242,Kenneth,NEAL,972079000000,"Streetname, cityname"
130506722,Simon,SHELTON,972039000000,"Streetname, cityname"
227028547,Matthew,COHEN,972038000000,"Streetname, cityname"
877065163,Edward,HOLT,972077000000,"Streetname, cityname"
683587713,Raymond,BENSON,972049000000,"Streetname, cityname"
738284443,Russell,BUSH,972039000000,"Streetname, cityname"
155130802,Gerard,ZIMMERMAN,972082000000,"Streetname, cityname"
860513162,Francis,ROBLES,972042000000,"Streetname, cityname"
433565515,Roderick,SALINAS,972081000000,"Streetname, cityname"
832476005,Norman,HIGGINS,972067000000,"Streetname, cityname"
440456135,Dean,LIN,972084000000,"Streetname, cityname"
430580134,Paul,DENNIS,972037000000,"Streetname, cityname"
767835087,Robert,BLAIR,972057000000,"Streetname, cityname"
868226644,Ross,MOSS,972078000000,"Streetname, cityname"
814500488,Gordon,FITZGERALD,972077000000,"Streetname, cityname"
424203326,Graham,MCLAUGHLIN,972035000000,"Streetname, cityname"
320417810,Darren,BURGESS,972074000000,"Streetname, cityname"
367134448,Lee,GOODMAN,972026000000,"Streetname, cityname"
517036667,Jonathan,DELACRUZ,972069000000,"Streetname, cityname"
646448610,Bryan,MALONE,972085000000,"Streetname, cityname"
551045757,Gareth,ZHANG,972084000000,"Streetname, cityname"
576210873,Malcolm,GALLAGHER,972071000000,"Streetname, cityname"
202631067,Benjamin,GALLEGOS,972044000000,"Streetname, cityname"
356314614,Shaun,CAMACHO,972069000000,"Streetname, cityname"
144828064,Angus,HARRINGTON,972089000000,"Streetname, cityname"
